"Status","Time(Seconds)","Position(Degrees)","Torque(Newton-Meters)","Speed(deg/sec)"
"0005","0.000","90.188","3.020","0.000"
"0005","0.010","90.188","3.020","0.000"
"0005","0.020","90.188","3.020","0.000"
"0005","0.030","90.188","3.020","0.000"
"0005","0.040","90.188","3.020","0.000"
"0005","0.050","90.188","3.043","0.000"
"0005","0.060","90.188","3.043","0.000"
"0005","0.070","90.188","3.043","0.000"
"0005","0.080","90.188","3.043","0.000"
"0005","0.090","90.188","3.043","0.000"
"0005","0.100","90.188","3.043","0.000"
"0005","0.110","90.188","3.043","0.000"
"0005","0.120","90.188","3.043","0.000"
"0005","0.130","90.188","3.043","0.000"
"0005","0.140","90.188","3.020","0.000"
"0005","0.150","90.188","3.020","0.000"
"0005","0.160","90.188","3.020","0.000"
"0005","0.170","90.188","2.998","0.000"
"0005","0.180","90.188","2.998","0.000"
"0005","0.190","90.188","3.020","0.000"
"0005","0.200","90.188","3.020","0.000"
"0005","0.210","90.188","3.043","0.000"
"0005","0.220","90.188","3.043","0.000"
"0005","0.230","90.188","3.043","0.000"
"0005","0.240","90.188","3.043","0.000"
"0005","0.250","90.188","3.043","0.000"
"0005","0.260","90.188","3.043","0.000"
"0005","0.270","90.188","3.043","0.000"
"0005","0.280","90.188","3.043","0.000"
"0005","0.290","90.188","3.043","0.000"
"0005","0.300","90.188","3.043","0.000"
"0005","0.310","90.188","3.065","0.000"
"0005","0.320","90.125","3.059","0.000"
"0005","0.330","90.125","3.059","0.000"
"0005","0.340","90.125","3.059","0.000"
"0005","0.350","90.125","3.059","0.000"
"0005","0.360","90.188","3.088","0.000"
"0005","0.370","90.188","3.088","0.000"
"0005","0.380","90.188","3.088","0.000"
"0005","0.390","90.188","3.088","0.000"
"0005","0.400","90.188","3.110","0.000"
"0005","0.410","90.188","3.110","0.000"
"0005","0.420","90.188","3.132","0.000"
"0005","0.430","90.188","3.110","0.000"
"0005","0.440","90.188","3.110","0.000"
"0005","0.450","90.188","3.088","0.000"
"0005","0.460","90.188","3.088","0.000"
"0005","0.470","90.188","3.088","0.000"
"0005","0.480","90.188","3.088","0.000"
"0005","0.490","90.188","3.088","0.000"
"0005","0.500","90.188","3.088","0.000"
"0005","0.510","90.188","3.065","0.000"
"0005","0.520","90.188","3.043","0.000"
"0005","0.530","90.188","2.998","0.000"
"0005","0.540","90.188","2.908","0.000"
"0001","0.550","90.188","2.707","0.000"
"0001","0.560","90.188","2.214","0.000"
"0001","0.570","90.188","1.810","0.000"
"0001","0.580","90.188","1.429","0.000"
"0001","0.590","90.188","1.093","0.000"
"0001","0.600","90.125","0.550","0.000"
"0001","0.610","90.125","0.638","-0.313"
"0001","0.620","90.125","2.857","-1.063"
"0001","0.630","90.125","7.430","-3.313"
"0001","0.640","90.063","10.663","-6.188"
"0001","0.650","90.000","13.314","-11.375"
"0001","0.660","89.875","15.612","-18.625"
"0001","0.670","89.563","20.505","-29.313"
"0001","0.680","89.250","25.690","-34.875"
"0001","0.690","88.938","32.130","-39.500"
"0001","0.700","88.563","39.563","-43.375"
"0001","0.710","87.938","51.524","-47.750"
"0001","0.720","87.500","59.926","-50.000"
"0001","0.730","87.063","68.843","-51.875"
"0001","0.740","86.375","83.297","-54.125"
"0001","0.750","85.875","92.915","-55.250"
"0001","0.760","85.375","101.390","-56.125"
"0001","0.770","84.875","108.586","-56.750"
"0001","0.780","84.125","117.398","-57.563"
"0001","0.790","83.625","122.464","-58.125"
"0001","0.800","83.125","127.442","-58.563"
"0001","0.810","82.625","132.822","-58.875"
"0001","0.820","81.813","142.153","-59.250"
"0001","0.830","81.313","148.563","-59.375"
"0001","0.840","80.813","154.279","-59.438"
"0001","0.850","80.000","160.447","-59.563"
"0001","0.860","79.500","162.822","-59.625"
"0001","0.870","78.938","164.194","-59.750"
"0001","0.880","78.438","164.999","-59.813"
"0001","0.890","77.625","166.323","-59.750"
"0001","0.900","77.125","167.665","-59.750"
"0001","0.910","76.563","169.371","-59.813"
"0001","0.920","76.063","170.959","-59.875"
"0001","0.930","75.250","172.369","-59.875"
"0001","0.940","74.750","171.983","-59.750"
"0001","0.950","74.188","170.212","-59.625"
"0001","0.960","73.438","165.069","-59.625"
"0001","0.970","72.875","161.100","-59.625"
"0001","0.980","72.375","157.618","-59.750"
"0001","0.990","71.813","154.970","-59.813"
"0001","1.000","71.063","152.446","-59.750"
"0001","1.010","70.500","151.095","-59.688"
"0001","1.020","70.000","149.269","-59.750"
"0001","1.030","69.438","146.684","-59.688"
"0001","1.040","68.688","141.847","-59.813"
"0001","1.050","68.125","138.745","-59.813"
"0001","1.060","67.625","136.332","-59.750"
"0001","1.070","66.813","134.700","-59.813"
"0001","1.080","66.313","134.751","-59.875"
"0001","1.090","65.750","135.186","-59.938"
"0001","1.100","65.250","135.392","-59.938"
"0001","1.110","64.438","134.717","-59.875"
"0001","1.120","63.938","133.801","-59.813"
"0001","1.130","63.375","132.819","-59.875"
"0001","1.140","62.875","131.991","-59.875"
"0001","1.150","62.063","131.667","-59.938"
"0001","1.160","61.563","132.091","-60.000"
"0001","1.170","61.000","132.898","-59.938"
"0001","1.180","60.250","133.957","-59.875"
"0001","1.190","59.688","134.222","-59.938"
"0001","1.200","59.188","134.059","-59.938"
"0001","1.210","58.625","133.650","-60.000"
"0001","1.220","57.875","132.908","-60.000"
"0001","1.230","57.313","132.765","-59.875"
"0001","1.240","56.813","133.068","-59.875"
"0001","1.250","56.250","133.662","-59.875"
"0001","1.260","55.500","134.324","-59.875"
"0001","1.270","54.938","134.041","-59.938"
"0001","1.280","54.438","132.993","-59.875"
"0001","1.290","53.625","130.490","-59.750"
"0001","1.300","53.125","128.475","-59.750"
"0001","1.310","52.563","126.549","-59.813"
"0001","1.320","52.063","124.869","-59.813"
"0001","1.330","51.250","122.916","-59.875"
"0001","1.340","50.750","121.636","-59.813"
"0001","1.350","50.188","120.219","-59.688"
"0001","1.360","49.688","118.442","-59.750"
"0001","1.370","48.875","115.404","-59.813"
"0001","1.380","48.375","113.333","-59.875"
"0001","1.390","47.875","111.373","-59.938"
"0001","1.400","47.063","109.246","-59.813"
"0001","1.410","46.500","108.468","-59.750"
"0001","1.420","46.000","107.848","-59.813"
"0001","1.430","45.500","107.114","-59.813"
"0001","1.440","44.688","105.559","-59.875"
"0001","1.450","44.125","104.102","-59.875"
"0001","1.460","43.625","102.354","-59.750"
"0001","1.470","43.125","100.380","-59.750"
"0001","1.480","42.313","97.425","-59.750"
"0001","1.490","41.813","95.717","-59.813"
"0001","1.500","41.250","94.295","-59.875"
"0001","1.510","40.438","92.317","-59.813"
"0001","1.520","39.938","91.029","-59.750"
"0001","1.530","39.375","89.622","-59.813"
"0001","1.540","38.875","88.107","-59.813"
"0001","1.550","38.063","85.871","-59.875"
"0001","1.560","37.563","84.598","-59.938"
"0001","1.570","37.063","83.682","-59.875"
"0001","1.580","36.500","83.185","-59.813"
"0001","1.590","35.688","82.550","-59.813"
"0001","1.600","35.188","81.942","-59.875"
"0001","1.610","34.688","81.086","-59.875"
"0001","1.620","33.875","79.366","-59.875"
"0001","1.630","33.375","78.102","-59.813"
"0001","1.640","32.813","76.806","-59.750"
"0001","1.650","32.313","75.629","-59.813"
"0001","1.660","31.500","74.254","-59.875"
"0001","1.670","31.000","73.476","-59.938"
"0001","1.680","30.438","72.799","-59.938"
"0001","1.690","29.938","72.151","-59.813"
"0001","1.700","29.125","70.898","-59.813"
"0001","1.710","28.625","69.753","-59.875"
"0001","1.720","28.063","68.484","-59.875"
"0001","1.730","27.313","66.423","-59.938"
"0001","1.740","26.750","65.127","-59.813"
"0001","1.750","26.250","63.839","-59.750"
"0001","1.760","25.688","62.426","-59.750"
"0001","1.770","24.938","60.286","-59.813"
"0001","1.780","24.375","58.644","-59.875"
"0001","1.790","23.875","56.831","-59.875"
"0001","1.800","23.313","54.849","-59.750"
"0001","1.810","22.563","51.350","-59.625"
"0001","1.820","22.000","48.690","-59.750"
"0001","1.830","21.500","45.838","-59.750"
"0001","1.840","20.688","41.578","-59.813"
"0001","1.850","20.188","38.990","-59.875"
"0001","1.860","19.625","36.768","-59.813"
"0001","1.870","19.125","34.781","-59.750"
"0001","1.880","18.313","32.389","-59.813"
"0001","1.890","17.813","31.137","-59.750"
"0001","1.900","17.250","29.891","-59.625"
"0001","1.910","16.750","26.977","-58.813"
"0001","1.920","16.000","21.381","-54.063"
"0001","1.930","15.563","17.603","-48.375"
"0001","1.940","15.188","14.130","-40.688"
"0001","1.950","14.688","10.716","-27.063"
"0001","1.960","14.500","9.886","-16.688"
"0001","1.970","14.438","9.333","-5.938"
"0001","1.980","14.438","8.347","5.063"
"0001","1.990","14.563","5.151","19.250"
"0001","2.000","14.813","1.515","26.625"
"0001","2.010","15.063","3.489","32.625"
"0001","2.020","15.375","9.195","37.500"
"0001","2.030","15.938","17.129","43.250"
"0001","2.040","16.313","20.671","46.188"
"0001","2.050","16.688","22.535","48.625"
"0001","2.060","17.375","23.925","51.563"
"0001","2.070","17.813","25.375","53.063"
"0001","2.080","18.313","27.775","54.375"
"0001","2.090","18.813","30.940","55.438"
"0001","2.100","19.563","36.810","56.688"
"0001","2.110","20.063","40.875","57.313"
"0001","2.120","20.563","44.606","57.750"
"0001","2.130","21.063","47.734","58.125"
"0001","2.140","21.813","51.063","58.563"
"0001","2.150","22.375","52.615","58.813"
"0001","2.160","22.875","53.890","59.125"
"0001","2.170","23.688","55.761","59.375"
"0001","2.180","24.188","57.242","59.438"
"0001","2.190","24.688","58.860","59.500"
"0001","2.200","25.250","60.446","59.563"
"0001","2.210","26.000","62.252","59.625"
"0001","2.220","26.563","62.947","59.750"
"0001","2.230","27.063","63.363","59.813"
"0001","2.240","27.625","63.660","59.813"
"0001","2.250","28.375","63.999","59.813"
"0001","2.260","28.938","64.368","59.813"
"0001","2.270","29.438","64.971","59.875"
"0001","2.280","30.250","66.521","60.000"
"0001","2.290","30.750","67.936","60.000"
"0001","2.300","31.313","69.479","59.938"
"0001","2.310","31.813","70.830","59.938"
"0001","2.320","32.625","72.394","59.938"
"0001","2.330","33.125","73.099","60.000"
"0001","2.340","33.688","73.800","60.063"
"0001","2.350","34.188","74.711","60.000"
"0001","2.360","35.000","76.556","59.938"
"0001","2.370","35.500","77.785","59.938"
"0001","2.380","36.063","78.853","59.938"
"0001","2.390","36.813","80.086","60.000"
"0001","2.400","37.375","80.688","60.063"
"0001","2.410","37.875","81.207","60.000"
"0001","2.420","38.438","81.634","59.938"
"0001","2.430","39.188","82.474","59.938"
"0001","2.440","39.750","83.331","59.938"
"0001","2.450","40.250","84.440","60.000"
"0001","2.460","40.813","85.682","60.063"
"0001","2.470","41.625","87.493","59.938"
"0001","2.480","42.125","88.272","59.938"
"0001","2.490","42.625","88.738","59.938"
"0001","2.500","43.438","89.169","59.938"
"0001","2.510","44.000","89.682","60.000"
"0001","2.520","44.500","90.557","60.000"
"0001","2.530","45.000","91.725","59.938"
"0001","2.540","45.813","93.399","59.938"
"0001","2.550","46.375","94.322","59.938"
"0001","2.560","46.875","94.913","60.000"
"0001","2.570","47.375","95.169","60.000"
"0001","2.580","48.188","95.128","59.938"
"0001","2.590","48.750","94.961","59.875"
"0001","2.600","49.250","94.886","59.875"
"0001","2.610","50.063","95.144","59.875"
"0001","2.620","50.563","95.565","60.000"
"0001","2.630","51.125","96.122","60.000"
"0001","2.640","51.625","96.680","59.938"
"0001","2.650","52.438","96.858","59.875"
"0001","2.660","52.938","96.411","59.875"
"0001","2.670","53.500","95.809","59.875"
"0001","2.680","54.000","95.387","59.938"
"0001","2.690","54.813","95.799","59.938"
"0001","2.700","55.313","96.523","59.938"
"0001","2.710","55.875","97.248","59.875"
"0001","2.720","56.625","97.711","59.875"
"0001","2.730","57.188","97.588","59.938"
"0001","2.740","57.688","97.197","60.000"
"0001","2.750","58.250","96.808","60.000"
"0001","2.760","59.000","96.740","59.875"
"0001","2.770","59.563","97.094","59.875"
"0001","2.780","60.063","97.626","59.875"
"0001","2.790","60.625","98.296","59.938"
"0001","2.800","61.375","99.266","60.000"
"0001","2.810","61.938","99.715","59.938"
"0001","2.820","62.438","99.759","59.875"
"0001","2.830","63.250","99.302","59.875"
"0001","2.840","63.750","99.057","59.875"
"0001","2.850","64.313","99.197","60.000"
"0001","2.860","64.813","99.716","60.000"
"0001","2.870","65.625","100.857","59.938"
"0001","2.880","66.125","101.310","59.875"
"0001","2.890","66.688","101.343","59.938"
"0001","2.900","67.188","100.924","59.875"
"0001","2.910","68.000","99.965","60.000"
"0001","2.920","68.500","99.504","59.938"
"0001","2.930","69.063","99.383","59.875"
"0001","2.940","69.813","99.388","59.875"
"0001","2.950","70.375","99.337","59.813"
"0001","2.960","70.875","99.035","59.875"
"0001","2.970","71.438","98.582","59.938"
"0001","2.980","72.250","97.610","59.875"
"0001","2.990","72.750","96.662","59.875"
"0001","3.000","73.250","95.624","59.875"
"0001","3.010","73.813","94.838","59.875"
"0001","3.020","74.563","94.202","59.938"
"0001","3.030","75.125","94.246","59.938"
"0001","3.040","75.625","94.421","59.875"
"0001","3.050","76.438","94.577","59.875"
"0001","3.060","76.938","94.350","59.875"
"0001","3.070","77.500","93.882","59.875"
"0001","3.080","78.000","93.185","60.000"
"0001","3.090","78.813","92.381","59.938"
"0001","3.100","79.313","92.178","59.875"
"0001","3.110","79.875","92.272","59.875"
"0001","3.120","80.375","92.473","59.875"
"0001","3.130","81.188","92.792","59.938"
"0001","3.140","81.688","92.792","60.000"
"0001","3.150","82.250","92.619","59.938"
"0001","3.160","83.063","92.021","59.875"
"0001","3.170","83.563","91.485","59.875"
"0001","3.180","84.063","91.038","59.875"
"0001","3.190","84.625","90.709","59.875"
"0001","3.200","85.438","90.449","59.938"
"0001","3.210","85.938","90.272","59.875"
"0005","3.220","86.438","0.000","59.875"
"0005","3.230","87.000","0.000","59.375"
"0005","3.240","87.750","0.000","53.313"
"0005","3.250","88.188","0.000","45.313"
"0005","3.260","88.563","0.000","37.313"
"0005","3.270","88.938","0.000","27.750"
"0005","3.280","89.188","0.000","22.750"
"0005","3.290","89.375","0.000","18.688"
"0005","3.300","89.500","0.000","15.563"
"0005","3.310","89.688","0.000","11.938"
"0005","3.320","89.813","0.000","9.938"
"0005","3.330","89.875","0.000","8.250"
"0005","3.340","89.938","0.000","6.813"
"0005","3.350","90.000","0.000","5.125"
"0005","3.360","90.063","0.000","4.250"
"0005","3.370","90.063","0.000","3.500"
"0005","3.380","90.125","0.000","2.500"
"0005","3.390","90.125","0.000","1.938"
"0005","3.400","90.188","0.000","1.438"
"0005","3.410","90.188","0.000","1.063"
"0005","3.420","90.188","0.000","0.563"
"0005","3.430","90.188","0.000","0.375"
"0005","3.440","90.188","0.000","0.188"
"0001","3.450","90.188","0.000","-0.125"
"0001","3.460","90.188","0.000","-2.813"
"0001","3.470","90.125","0.000","-6.375"
"0001","3.480","90.063","13.599","-13.563"
"0001","3.490","89.813","25.256","-25.438"
"0001","3.500","89.500","32.391","-31.563"
"0001","3.510","89.250","38.758","-36.688"
"0001","3.520","88.875","44.980","-40.938"
"0001","3.530","88.313","53.819","-46.000"
"0001","3.540","87.875","59.576","-48.438"
"0001","3.550","87.438","65.176","-50.500"
"0001","3.560","87.000","70.731","-52.250"
"0001","3.570","86.313","79.426","-54.313"
"0001","3.580","85.813","85.323","-55.438"
"0001","3.590","85.313","91.130","-56.313"
"0001","3.600","84.563","99.359","-57.188"
"0001","3.610","84.063","104.202","-57.750"
"0001","3.620","83.563","108.439","-58.188"
"0001","3.630","83.063","112.273","-58.563"
"0001","3.640","82.250","117.928","-59.000"
"0001","3.650","81.750","122.075","-59.188"
"0001","3.660","81.188","126.564","-59.313"
"0001","3.670","80.688","131.047","-59.438"
"0001","3.680","79.875","136.677","-59.563"
"0001","3.690","79.375","139.209","-59.688"
"0001","3.700","78.875","140.777","-59.813"
"0001","3.710","78.063","142.348","-59.813"
"0001","3.720","77.563","143.579","-59.750"
"0001","3.730","77.000","145.307","-59.813"
"0001","3.740","76.500","147.433","-59.875"
"0001","3.750","75.688","150.660","-59.938"
"0001","3.760","75.188","152.403","-59.938"
"0001","3.770","74.625","153.614","-59.875"
"0001","3.780","74.125","154.146","-59.813"
"0001","3.790","73.313","153.962","-59.938"
"0001","3.800","72.813","153.775","-59.938"
"0001","3.810","72.250","154.041","-60.000"
"0001","3.820","71.438","155.669","-60.000"
"0001","3.830","70.938","157.184","-59.875"
"0001","3.840","70.375","158.523","-59.875"
"0001","3.850","69.875","159.095","-59.875"
"0001","3.860","69.063","158.409","-59.938"
"0001","3.870","68.563","157.208","-60.000"
"0001","3.880","68.000","156.033","-59.938"
"0001","3.890","67.500","155.392","-59.875"
"0001","3.900","66.688","155.776","-59.875"
"0001","3.910","66.188","156.455","-59.875"
"0001","3.920","65.688","156.908","-59.875"
"0001","3.930","64.875","156.571","-59.938"
"0001","3.940","64.313","155.658","-59.813"
"0001","3.950","63.813","154.248","-59.750"
"0001","3.960","63.313","152.457","-59.813"
"0001","3.970","62.500","149.916","-59.813"
"0001","3.980","62.000","148.772","-59.875"
"0001","3.990","61.438","148.190","-59.938"
"0001","4.000","60.938","147.850","-59.875"
"0001","4.010","60.125","147.140","-59.813"
"0001","4.020","59.625","146.059","-59.813"
"0001","4.030","59.063","144.575","-59.875"
"0001","4.040","58.250","142.133","-59.938"
"0001","4.050","57.750","140.891","-59.938"
"0001","4.060","57.250","140.275","-59.813"
"0001","4.070","56.688","140.265","-59.813"
"0001","4.080","55.875","140.684","-59.875"
"0001","4.090","55.375","140.804","-59.875"
"0001","4.100","54.875","140.452","-59.938"
"0001","4.110","54.313","139.539","-59.875"
"0001","4.120","53.500","137.416","-59.750"
"0001","4.130","53.000","135.805","-59.813"
"0001","4.140","52.500","134.462","-59.875"
"0001","4.150","51.688","133.385","-59.938"
"0001","4.160","51.188","133.092","-59.938"
"0001","4.170","50.625","132.887","-59.875"
"0001","4.180","50.125","132.389","-59.750"
"0001","4.190","49.313","130.384","-59.813"
"0001","4.200","48.813","128.224","-59.813"
"0001","4.210","48.250","125.793","-59.875"
"0001","4.220","47.750","123.563","-59.938"
"0001","4.230","46.938","121.571","-59.750"
"0001","4.240","46.438","121.063","-59.813"
"0001","4.250","45.875","120.777","-59.813"
"0001","4.260","45.063","119.874","-59.875"
"0001","4.270","44.563","118.554","-59.875"
"0001","4.280","44.063","116.830","-59.875"
"0001","4.290","43.500","115.012","-59.750"
"0001","4.300","42.750","112.465","-59.813"
"0001","4.310","42.188","111.225","-59.813"
"0001","4.320","41.688","110.391","-59.875"
"0001","4.330","41.125","109.932","-59.938"
"0001","4.340","40.375","109.235","-59.813"
"0001","4.350","39.813","108.593","-59.750"
"0001","4.360","39.313","107.549","-59.813"
"0001","4.370","38.500","105.405","-59.875"
"0001","4.380","38.000","103.954","-59.938"
"0001","4.390","37.438","102.900","-59.938"
"0001","4.400","36.938","102.364","-59.875"
"0001","4.410","36.125","102.337","-59.813"
"0001","4.420","35.625","102.313","-59.875"
"0001","4.430","35.063","101.990","-59.875"
"0001","4.440","34.563","101.201","-59.938"
"0001","4.450","33.750","99.413","-59.875"
"0001","4.460","33.250","98.171","-59.750"
"0001","4.470","32.688","96.965","-59.750"
"0001","4.480","31.938","95.443","-59.813"
"0001","4.490","31.375","94.748","-59.875"
"0001","4.500","30.875","94.058","-59.938"
"0001","4.510","30.313","93.359","-59.875"
"0001","4.520","29.563","91.780","-59.750"
"0001","4.530","29.000","90.202","-59.813"
"0001","4.540","28.500","88.316","-59.813"
"0001","4.550","27.938","86.352","-59.875"
"0001","4.560","27.188","83.484","-59.875"
"0001","4.570","26.625","81.829","-59.750"
"0001","4.580","26.125","80.159","-59.688"
"0001","4.590","25.313","77.203","-59.750"
"0001","4.600","24.813","74.677","-59.750"
"0001","4.610","24.250","71.555","-59.750"
"0001","4.620","23.750","67.927","-59.750"
"0001","4.630","22.938","62.133","-59.500"
"0001","4.640","22.438","58.231","-59.625"
"0001","4.650","21.938","54.506","-59.750"
"0001","4.660","21.375","51.126","-59.688"
"0001","4.670","20.563","46.484","-59.813"
"0001","4.680","20.063","43.626","-59.813"
"0001","4.690","19.563","40.879","-59.750"
"0001","4.700","18.750","37.010","-59.750"
"0001","4.710","18.250","34.908","-59.750"
"0001","4.720","17.688","32.141","-59.313"
"0001","4.730","17.188","27.927","-57.688"
"0001","4.740","16.438","21.773","-51.625"
"0001","4.750","16.000","17.840","-45.125"
"0001","4.760","15.688","14.832","-37.125"
"0001","4.770","15.375","13.032","-28.375"
"0001","4.780","15.125","12.121","-14.063"
"0001","4.790","15.000","11.128","-4.188"
"0001","4.800","15.063","9.395","6.313"
"0001","4.810","15.188","5.280","20.188"
"0001","4.820","15.438","0.724","27.250"
"0001","4.830","15.688","4.729","33.125"
"0001","4.840","16.000","10.638","38.000"
"0001","4.850","16.563","18.149","43.563"
"0001","4.860","16.938","20.932","46.500"
"0001","4.870","17.375","22.133","48.875"
"0001","4.880","17.813","22.484","50.750"
"0001","4.890","18.500","23.388","53.125"
"0001","4.900","19.000","25.052","54.438"
"0001","4.910","19.438","27.582","55.438"
"0001","4.920","20.188","32.358","56.750"
"0001","4.930","20.688","35.686","57.313"
"0001","4.940","21.250","38.757","57.750"
"0001","4.950","21.750","41.395","58.125"
"0001","4.960","22.500","44.682","58.625"
"0001","4.970","23.000","46.675","58.938"
"0001","4.980","23.500","48.736","59.188"
"0001","4.990","24.063","51.080","59.313"
"0001","5.000","24.813","54.806","59.438"
"0001","5.010","25.375","56.998","59.500"
"0001","5.020","25.875","58.597","59.563"
"0001","5.030","26.688","59.925","59.750"
"0001","5.040","27.188","60.342","59.813"
"0001","5.050","27.750","60.616","59.750"
"0001","5.060","28.250","60.678","59.750"
"0001","5.070","29.063","60.608","59.750"
"0001","5.080","29.563","60.540","59.813"
"0001","5.090","30.125","60.600","59.875"
"0001","5.100","30.625","60.871","59.938"
"0001","5.110","31.438","61.666","59.875"
"0001","5.120","31.938","61.987","59.875"
"0001","5.130","32.500","61.944","59.875"
"0001","5.140","33.250","61.613","59.938"
"0001","5.150","33.813","61.687","60.000"
"0001","5.160","34.313","62.218","59.938"
"0001","5.170","34.875","63.416","59.938"
"0001","5.180","35.625","66.077","60.000"
"0001","5.190","36.188","68.265","60.000"
"0001","5.200","36.688","70.484","60.125"
"0001","5.210","37.250","72.430","60.125"
"0001","5.220","38.063","74.582","60.000"
"0001","5.230","38.563","75.664","60.000"
"0001","5.240","39.063","77.038","60.000"
"0001","5.250","39.875","80.006","60.000"
"0001","5.260","40.438","82.255","60.125"
"0001","5.270","40.938","84.374","60.063"
"0001","5.280","41.438","86.137","59.938"
"0001","5.290","42.250","87.996","59.938"
"0001","5.300","42.813","88.863","60.000"
"0001","5.310","43.313","89.578","59.938"
"0001","5.320","43.875","90.359","60.063"
"0001","5.330","44.625","91.986","59.938"
"0001","5.340","45.188","93.331","59.938"
"0001","5.350","45.688","94.613","59.938"
"0001","5.360","46.500","96.313","59.938"
"0001","5.370","47.000","96.949","60.000"
"0001","5.380","47.563","97.226","60.063"
"0001","5.390","48.063","97.237","60.000"
"0001","5.400","48.875","97.401","59.875"
"0001","5.410","49.375","97.774","59.938"
"0001","5.420","49.938","98.439","59.875"
"0001","5.430","50.438","99.286","60.000"
"0001","5.440","51.250","100.894","60.000"
"0001","5.450","51.750","101.990","59.938"
"0001","5.460","52.313","102.796","59.938"
"0001","5.470","53.063","103.358","59.938"
"0001","5.480","53.625","103.630","59.938"
"0001","5.490","54.125","104.172","60.000"
"0001","5.500","54.688","105.253","60.000"
"0001","5.510","55.438","107.459","59.938"
"0001","5.520","56.000","108.902","59.938"
"0001","5.530","56.500","110.009","59.938"
"0001","5.540","57.063","110.783","59.938"
"0001","5.550","57.813","111.159","60.063"
"0001","5.560","58.375","111.242","60.000"
"0001","5.570","58.875","111.503","59.938"
"0001","5.580","59.688","112.268","59.875"
"0001","5.590","60.188","112.890","59.875"
"0001","5.600","60.750","113.470","59.938"
"0001","5.610","61.250","113.960","60.000"
"0001","5.620","62.063","114.217","59.875"
"0001","5.630","62.625","113.950","59.875"
"0001","5.640","63.125","113.323","59.875"
"0001","5.650","63.625","112.630","59.875"
"0001","5.660","64.438","112.110","59.938"
"0001","5.670","64.938","112.180","59.938"
"0001","5.680","65.500","112.345","59.875"
"0001","5.690","66.313","112.255","59.813"
"0001","5.700","66.813","111.836","59.875"
"0001","5.710","67.313","111.239","59.875"
"0001","5.720","67.875","110.556","60.000"
"0001","5.730","68.688","109.756","59.938"
"0001","5.740","69.188","109.609","59.875"
"0001","5.750","69.750","109.668","59.875"
"0001","5.760","70.250","109.837","59.875"
"0001","5.770","71.063","109.961","59.938"
"0001","5.780","71.563","109.929","60.000"
"0001","5.790","72.063","109.741","59.938"
"0001","5.800","72.875","109.174","59.875"
"0001","5.810","73.438","108.612","59.875"
"0001","5.820","73.938","108.157","59.875"
"0001","5.830","74.438","107.838","59.938"
"0001","5.840","75.250","107.723","59.938"
"0001","5.850","75.813","107.724","59.875"
"0001","5.860","76.313","107.697","59.875"
"0001","5.870","76.875","107.453","59.875"
"0001","5.880","77.625","106.530","59.875"
"0001","5.890","78.188","105.592","60.000"
"0001","5.900","78.688","104.694","59.938"
"0001","5.910","79.500","103.868","59.813"
"0001","5.920","80.000","103.486","59.813"
"0001","5.930","80.500","103.015","59.813"
"0001","5.940","81.063","102.371","59.813"
"0001","5.950","81.875","101.122","59.938"
"0001","5.960","82.375","100.114","59.875"
"0001","5.970","82.938","99.068","59.875"
"0001","5.980","83.438","97.994","59.813"
"0001","5.990","84.250","96.545","59.813"
"0001","6.000","84.750","95.673","59.875"
"0001","6.010","85.250","94.891","59.875"
"0001","6.020","86.063","93.712","59.813"
"0005","6.030","86.625","0.000","59.813"
"0005","6.040","87.125","0.000","58.875"
"0005","6.050","87.625","0.000","54.875"
"0005","6.060","88.250","0.000","43.063"
"0005","6.070","88.625","0.000","35.438"
"0005","6.080","88.875","0.000","29.125"
"0005","6.090","89.125","0.000","23.938"
"0005","6.100","89.375","0.000","17.688"
"0005","6.110","89.563","0.000","14.563"
"0005","6.120","89.625","0.000","12.438"
"0005","6.130","89.813","0.000","9.563"
"0005","6.140","89.875","0.000","7.875"
"0005","6.150","89.938","0.000","6.500"
"0005","6.160","90.000","0.000","5.438"
"0005","6.170","90.063","0.000","3.938"
"0005","6.180","90.125","0.000","3.125"
"0005","6.190","90.125","0.000","2.438"
"0005","6.200","90.125","0.000","1.875"
"0005","6.210","90.188","0.000","1.188"
"0005","6.220","90.188","0.000","0.938"
"0005","6.230","90.188","0.000","0.688"
"0005","6.240","90.188","0.000","0.313"
"0001","6.250","90.188","0.000","-0.563"
"0001","6.260","90.125","0.000","-2.313"
"0001","6.270","90.125","0.000","-5.313"
"0001","6.280","90.000","15.197","-15.563"
"0001","6.290","89.813","21.087","-23.563"
"0001","6.300","89.563","26.826","-30.000"
"0001","6.310","89.313","31.624","-35.375"
"0001","6.320","88.813","39.068","-41.813"
"0001","6.330","88.375","44.220","-45.188"
"0001","6.340","88.000","49.792","-47.875"
"0001","6.350","87.313","58.845","-51.000"
"0001","6.360","86.875","65.364","-52.688"
"0001","6.370","86.375","72.270","-54.063"
"0001","6.380","85.938","79.102","-55.250"
"0001","6.390","85.188","88.654","-56.500"
"0001","6.400","84.688","94.349","-57.063"
"0001","6.410","84.188","99.461","-57.563"
"0001","6.420","83.688","103.967","-58.063"
"0001","6.430","82.875","110.251","-58.625"
"0001","6.440","82.375","114.264","-58.938"
"0001","6.450","81.875","118.411","-59.188"
"0001","6.460","81.063","125.006","-59.313"
"0001","6.470","80.563","129.265","-59.438"
"0001","6.480","80.000","132.946","-59.563"
"0001","6.490","79.500","135.657","-59.688"
"0001","6.500","78.688","138.036","-59.813"
"0001","6.510","78.188","138.998","-59.813"
"0001","6.520","77.688","140.049","-59.750"
"0001","6.530","77.125","141.621","-59.813"
"0001","6.540","76.375","144.709","-59.875"
"0001","6.550","75.813","146.593","-59.938"
"0001","6.560","75.313","147.843","-59.938"
"0001","6.570","74.500","148.244","-59.813"
"0001","6.580","73.938","147.571","-59.750"
"0001","6.590","73.438","146.376","-59.813"
"0001","6.600","72.938","145.249","-59.875"
"0001","6.610","72.125","144.592","-60.000"
"0001","6.620","71.625","144.874","-59.938"
"0001","6.630","71.063","145.497","-59.875"
"0001","6.640","70.563","145.913","-59.813"
"0001","6.650","69.750","145.677","-59.875"
"0001","6.660","69.250","144.836","-59.875"
"0001","6.670","68.688","143.662","-59.938"
"0001","6.680","67.875","142.055","-59.938"
"0001","6.690","67.375","141.615","-59.813"
"0001","6.700","66.813","141.895","-59.875"
"0001","6.710","66.313","142.506","-59.875"
"0001","6.720","65.500","143.358","-59.938"
"0001","6.730","65.000","143.385","-59.938"
"0001","6.740","64.500","142.940","-59.875"
"0001","6.750","63.938","142.139","-59.813"
"0001","6.760","63.125","140.452","-59.875"
"0001","6.770","62.625","139.510","-59.875"
"0001","6.780","62.125","139.129","-59.938"
"0001","6.790","61.313","139.520","-60.000"
"0001","6.800","60.750","140.058","-59.875"
"0001","6.810","60.250","140.345","-59.813"
"0001","6.820","59.688","140.005","-59.875"
"0001","6.830","58.938","138.303","-59.875"
"0001","6.840","58.375","136.795","-59.938"
"0001","6.850","57.875","135.352","-59.938"
"0001","6.860","57.375","134.445","-59.813"
"0001","6.870","56.563","133.947","-59.813"
"0001","6.880","56.063","133.486","-59.813"
"0001","6.890","55.500","132.486","-59.813"
"0001","6.900","54.750","129.583","-59.813"
"0001","6.910","54.188","126.899","-59.750"
"0001","6.920","53.688","123.877","-59.625"
"0001","6.930","53.125","120.899","-59.750"
"0001","6.940","52.375","117.069","-59.813"
"0001","6.950","51.813","115.141","-59.813"
"0001","6.960","51.313","113.458","-59.875"
"0001","6.970","50.750","111.751","-59.750"
"0001","6.980","50.000","108.584","-59.688"
"0001","6.990","49.438","106.067","-59.750"
"0001","7.000","48.938","103.414","-59.750"
"0001","7.010","48.125","99.521","-59.875"
"0001","7.020","47.625","97.381","-59.875"
"0001","7.030","47.063","96.134","-59.813"
"0001","7.040","46.563","95.649","-59.813"
"0001","7.050","45.750","95.445","-59.875"
"0001","7.060","45.250","95.181","-59.875"
"0001","7.070","44.688","94.644","-59.938"
"0001","7.080","44.188","93.816","-59.938"
"0001","7.090","43.375","92.547","-59.813"
"0001","7.100","42.875","91.694","-59.813"
"0001","7.110","42.313","91.037","-59.875"
"0001","7.120","41.563","90.301","-59.938"
"0001","7.130","41.000","89.998","-60.000"
"0001","7.140","40.500","89.721","-59.875"
"0001","7.150","39.938","89.347","-59.813"
"0001","7.160","39.188","88.219","-59.875"
"0001","7.170","38.625","87.147","-59.875"
"0001","7.180","38.125","86.010","-59.938"
"0001","7.190","37.563","85.136","-60.000"
"0001","7.200","36.813","84.512","-59.813"
"0001","7.210","36.250","84.440","-59.813"
"0001","7.220","35.750","84.371","-59.875"
"0001","7.230","34.938","84.002","-59.938"
"0001","7.240","34.438","83.302","-59.938"
"0001","7.250","33.875","82.257","-59.938"
"0001","7.260","33.375","81.083","-59.813"
"0001","7.270","32.563","79.333","-59.813"
"0001","7.280","32.063","78.379","-59.875"
"0001","7.290","31.500","77.773","-59.875"
"0001","7.300","31.000","77.465","-60.000"
"0001","7.310","30.188","77.137","-59.875"
"0001","7.320","29.688","76.645","-59.813"
"0001","7.330","29.125","75.740","-59.813"
"0001","7.340","28.375","73.662","-59.875"
"0001","7.350","27.813","72.011","-59.875"
"0001","7.360","27.313","70.211","-59.938"
"0001","7.370","26.750","68.489","-59.813"
"0001","7.380","26.000","66.130","-59.688"
"0001","7.390","25.438","64.582","-59.813"
"0001","7.400","24.938","63.020","-59.813"
"0001","7.410","24.375","61.266","-59.875"
"0001","7.420","23.625","58.536","-59.875"
"0001","7.430","23.063","56.776","-59.750"
"0001","7.440","22.563","55.004","-59.750"
"0001","7.450","21.750","52.274","-59.750"
"0001","7.460","21.250","50.295","-59.688"
"0001","7.470","20.688","48.033","-59.813"
"0001","7.480","20.188","45.422","-59.813"
"0001","7.490","19.375","41.109","-59.750"
"0001","7.500","18.875","38.337","-59.750"
"0001","7.510","18.375","36.011","-59.813"
"0001","7.520","17.813","34.118","-59.750"
"0001","7.530","17.063","31.172","-59.500"
"0001","7.540","16.500","28.914","-58.563"
"0001","7.550","16.000","26.983","-56.875"
"0001","7.560","15.250","23.489","-52.750"
"0001","7.570","14.813","21.345","-48.750"
"0001","7.580","14.438","19.393","-43.813"
"0001","7.590","14.063","17.889","-38.063"
"0001","7.600","13.625","16.099","-28.500"
"0001","7.610","13.375","14.826","-21.688"
"0001","7.620","13.250","13.584","-14.125"
"0001","7.630","13.188","12.269","-5.625"
"0001","7.640","13.188","10.342","8.438"
"0001","7.650","13.313","8.962","17.750"
"0001","7.660","13.500","6.948","25.188"
"0001","7.670","13.875","2.875","34.188"
"0001","7.680","14.188","1.014","38.938"
"0001","7.690","14.563","5.559","42.688"
"0001","7.700","14.938","10.151","45.750"
"0001","7.710","15.625","15.678","49.375"
"0001","7.720","16.063","17.906","51.188"
"0001","7.730","16.500","19.216","52.813"
"0001","7.740","17.000","20.425","54.125"
"0001","7.750","17.688","23.229","55.625"
"0001","7.760","18.188","25.741","56.438"
"0001","7.770","18.688","28.748","57.125"
"0001","7.780","19.438","33.811","57.875"
"0001","7.790","20.000","37.325","58.375"
"0001","7.800","20.500","40.765","58.625"
"0001","7.810","21.000","44.072","58.813"
"0001","7.820","21.750","48.610","59.125"
"0001","7.830","22.313","51.350","59.313"
"0001","7.840","22.813","53.789","59.500"
"0001","7.850","23.375","55.951","59.625"
"0001","7.860","24.125","59.202","59.688"
"0001","7.870","24.688","61.504","59.688"
"0001","7.880","25.188","63.728","59.750"
"0001","7.890","26.000","66.576","59.813"
"0001","7.900","26.500","68.088","59.875"
"0001","7.910","27.000","69.288","60.000"
"0001","7.920","27.563","70.391","59.938"
"0001","7.930","28.375","71.617","59.875"
"0001","7.940","28.875","72.331","59.875"
"0001","7.950","29.438","73.127","59.875"
"0001","7.960","29.938","73.957","59.938"
"0001","7.970","30.750","75.442","60.000"
"0001","7.980","31.250","76.590","59.875"
"0001","7.990","31.813","77.575","59.938"
"0001","8.000","32.563","78.540","59.938"
"0001","8.010","33.125","78.903","60.000"
"0001","8.020","33.625","79.341","60.063"
"0001","8.030","34.188","80.089","60.000"
"0001","8.040","34.938","81.738","59.938"
"0001","8.050","35.500","82.961","59.938"
"0001","8.060","36.000","84.169","59.938"
"0001","8.070","36.563","85.328","59.938"
"0001","8.080","37.313","86.631","60.063"
"0001","8.090","37.875","87.302","60.000"
"0001","8.100","38.375","87.823","59.938"
"0001","8.110","39.188","88.905","59.938"
"0001","8.120","39.688","89.923","59.938"
"0001","8.130","40.250","91.095","60.000"
"0001","8.140","40.750","92.273","60.000"
"0001","8.150","41.563","93.748","59.938"
"0001","8.160","42.063","94.235","59.938"
"0001","8.170","42.625","94.273","59.938"
"0001","8.180","43.125","93.979","59.938"
"0001","8.190","43.938","93.583","60.000"
"0001","8.200","44.438","93.876","60.000"
"0001","8.210","45.000","94.705","59.938"
"0001","8.220","45.813","96.267","59.938"
"0001","8.230","46.313","97.058","59.938"
"0001","8.240","46.813","97.424","59.938"
"0001","8.250","47.375","97.410","60.000"
"0001","8.260","48.188","97.033","59.938"
"0001","8.270","48.688","96.889","59.938"
"0001","8.280","49.188","96.993","59.875"
"0001","8.290","49.750","97.276","59.875"
"0001","8.300","50.563","97.783","59.938"
"0001","8.310","51.063","98.004","60.000"
"0001","8.320","51.563","97.979","59.875"
"0001","8.330","52.375","97.284","59.875"
"0001","8.340","52.938","96.456","59.875"
"0001","8.350","53.438","95.652","59.875"
"0001","8.360","54.000","95.253","59.938"
"0001","8.370","54.750","95.552","59.938"
"0001","8.380","55.313","96.209","59.875"
"0001","8.390","55.813","96.822","59.875"
"0001","8.400","56.313","97.324","59.938"
"0001","8.410","57.125","97.766","59.938"
"0001","8.420","57.688","97.914","60.063"
"0001","8.430","58.188","98.039","60.063"
"0001","8.440","59.000","98.645","59.938"
"0001","8.450","59.500","99.310","59.875"
"0001","8.460","60.063","100.114","59.875"
"0001","8.470","60.563","100.848","59.938"
"0001","8.480","61.375","101.484","60.000"
"0001","8.490","61.875","101.415","59.875"
"0001","8.500","62.438","100.946","59.875"
"0001","8.510","62.938","100.117","59.875"
"0001","8.520","63.750","98.945","59.875"
"0001","8.530","64.250","98.454","59.938"
"0001","8.540","64.813","98.259","59.938"
"0001","8.550","65.563","98.053","59.813"
"0001","8.560","66.125","97.905","59.875"
"0001","8.570","66.625","97.619","59.875"
"0001","8.580","67.188","97.272","59.875"
"0001","8.590","67.938","96.555","60.000"
"0001","8.600","68.500","96.187","60.000"
"0001","8.610","69.000","96.040","59.875"
"0001","8.620","69.563","96.122","59.875"
"0001","8.630","70.313","96.307","59.875"
"0001","8.640","70.875","96.279","59.875"
"0001","8.650","71.375","96.091","60.000"
"0001","8.660","72.188","95.656","59.875"
"0001","8.670","72.688","95.178","59.875"
"0001","8.680","73.250","94.571","59.875"
"0001","8.690","73.750","93.892","59.875"
"0001","8.700","74.563","93.014","59.938"
"0001","8.710","75.063","92.628","59.938"
"0001","8.720","75.625","92.494","59.875"
"0001","8.730","76.125","92.445","59.875"
"0001","8.740","76.938","92.020","59.875"
"0001","8.750","77.438","91.277","59.875"
"0001","8.760","78.000","90.227","59.938"
"0001","8.770","78.750","88.656","59.938"
"0001","8.780","79.313","88.032","59.813"
"0001","8.790","79.813","87.494","59.813"
"0001","8.800","80.375","86.759","59.813"
"0001","8.810","81.125","84.473","59.813"
"0001","8.820","81.688","82.216","59.875"
"0001","8.830","82.188","79.685","59.813"
"0001","8.840","82.750","77.271","59.750"
"0001","8.850","83.500","74.428","59.813"
"0001","8.860","84.063","73.337","59.813"
"0001","8.870","84.563","72.465","59.875"
"0001","8.880","85.375","70.905","59.875"
"0001","8.890","85.875","69.428","59.813"
"0005","8.900","86.438","0.000","59.750"
"0005","8.910","86.938","0.000","59.438"
"0005","8.920","87.688","0.000","53.938"
"0005","8.930","88.125","0.000","46.063"
"0005","8.940","88.500","0.000","38.000"
"0005","8.950","88.813","0.000","31.250"
"0005","8.960","89.188","0.000","23.188"
"0005","8.970","89.375","0.000","18.875"
"0005","8.980","89.500","0.000","15.500"
"0005","8.990","89.688","0.000","12.125"
"0005","9.000","89.813","0.000","10.375"
"0005","9.010","89.875","0.000","8.750"
"0005","9.020","89.938","0.000","7.313"
"0005","9.030","90.000","0.000","5.500"
"0005","9.040","90.063","0.000","4.500"
"0005","9.050","90.063","0.000","3.688"
"0005","9.060","90.125","0.000","3.063"
"0005","9.070","90.125","0.000","2.313"
"0005","9.080","90.188","0.000","1.938"
"0005","9.090","90.188","0.000","1.688"
"0005","9.100","90.188","0.000","1.438"
"0005","9.110","90.250","0.000","1.250"
"0005","9.120","90.250","0.000","1.000"
"0005","9.130","90.250","0.000","0.875"
"0005","9.140","90.250","0.000","0.625"
"0005","9.150","90.250","0.000","0.563"
"0005","9.160","90.313","0.000","0.438"
"0005","9.170","90.313","0.000","0.375"
"0005","9.180","90.313","0.000","0.250"
"0005","9.190","90.313","0.000","0.188"
"0005","9.200","90.313","0.000","0.188"
"0005","9.210","90.250","0.000","0.000"
"0005","9.220","90.250","0.000","-0.063"
"0005","9.230","90.250","0.000","-0.188"
"0005","9.240","90.250","0.000","-0.313"
"0005","9.250","90.250","0.000","-0.375"
"0005","9.260","90.250","0.000","-1.063"
"0001","9.270","90.250","0.000","-2.563"
"0001","9.280","90.250","0.000","-5.063"
"0001","9.290","90.125","14.512","-13.125"
"0001","9.300","89.938","18.878","-21.438"
"0001","9.310","89.750","23.334","-28.188"
"0001","9.320","89.313","29.136","-36.375"
"0001","9.330","88.938","33.475","-40.688"
"0001","9.340","88.563","37.926","-44.250"
"0001","9.350","88.188","42.647","-47.125"
"0001","9.360","87.500","49.907","-50.313"
"0001","9.370","87.063","54.543","-52.125"
"0001","9.380","86.625","59.134","-53.563"
"0001","9.390","86.125","63.641","-54.750"
"0001","9.400","85.375","70.167","-56.188"
"0001","9.410","84.875","74.428","-56.813"
"0001","9.420","84.375","78.553","-57.375"
"0001","9.430","83.625","84.428","-58.125"
"0001","9.440","83.125","88.172","-58.500"
"0001","9.450","82.625","91.916","-58.813"
"0001","9.460","82.063","95.711","-59.125"
"0001","9.470","81.313","101.561","-59.250"
"0001","9.480","80.750","105.422","-59.375"
"0001","9.490","80.250","108.873","-59.500"
"0001","9.500","79.750","111.697","-59.625"
"0001","9.510","78.938","114.704","-59.813"
"0001","9.520","78.438","116.226","-59.813"
"0001","9.530","77.875","117.821","-59.750"
"0001","9.540","77.063","120.669","-59.813"
"0001","9.550","76.563","122.929","-59.875"
"0001","9.560","76.063","125.010","-59.875"
"0001","9.570","75.500","126.490","-59.938"
"0001","9.580","74.688","127.250","-59.813"
"0001","9.590","74.188","126.908","-59.750"
"0001","9.600","73.688","126.005","-59.813"
"0001","9.610","73.125","124.928","-59.813"
"0001","9.620","72.375","123.930","-59.938"
"0001","9.630","71.813","124.061","-60.000"
"0001","9.640","71.313","124.926","-59.938"
"0001","9.650","70.500","126.754","-59.875"
"0001","9.660","70.000","127.528","-59.875"
"0001","9.670","69.438","127.677","-59.938"
"0001","9.680","68.938","127.217","-59.938"
"0001","9.690","68.125","126.103","-60.000"
"0001","9.700","67.563","125.645","-59.875"
"0001","9.710","67.063","125.675","-59.813"
"0001","9.720","66.563","126.175","-59.875"
"0001","9.730","65.750","127.072","-59.938"
"0001","9.740","65.250","127.278","-59.938"
"0001","9.750","64.688","126.994","-59.875"
"0001","9.760","63.875","125.600","-59.750"
"0001","9.770","63.375","124.078","-59.813"
"0001","9.780","62.875","122.420","-59.875"
"0001","9.790","62.313","121.055","-59.875"
"0001","9.800","61.500","119.834","-60.000"
"0001","9.810","61.000","119.495","-59.875"
"0001","9.820","60.438","119.291","-59.813"
"0001","9.830","59.938","118.905","-59.813"
"0001","9.840","59.125","117.721","-59.875"
"0001","9.850","58.625","116.616","-59.938"
"0001","9.860","58.125","115.531","-60.000"
"0001","9.870","57.313","114.722","-59.875"
"0001","9.880","56.750","115.003","-59.813"
"0001","9.890","56.250","115.574","-59.875"
"0001","9.900","55.750","116.120","-59.938"
"0001","9.910","54.938","116.468","-60.000"
"0001","9.920","54.438","116.228","-59.938"
"0001","9.930","53.875","115.695","-59.813"
"0001","9.940","53.375","114.891","-59.813"
"0001","9.950","52.563","113.751","-59.875"
"0001","9.960","52.000","113.437","-59.938"
"0001","9.970","51.500","113.481","-60.000"
"0001","9.980","50.688","113.723","-59.875"
"0001","9.990","50.188","113.539","-59.750"
"0001","10.000","49.625","112.726","-59.813"
"0001","10.010","49.125","111.150","-59.813"
"0001","10.020","48.313","107.953","-59.875"
"0001","10.030","47.813","105.768","-59.938"
"0001","10.040","47.313","104.098","-59.813"
"0001","10.050","46.750","103.074","-59.750"
"0001","10.060","45.938","102.153","-59.813"
"0001","10.070","45.438","101.575","-59.875"
"0001","10.080","44.938","100.817","-59.875"
"0001","10.090","44.125","99.171","-59.875"
"0001","10.100","43.563","98.003","-59.813"
"0001","10.110","43.063","96.791","-59.813"
"0001","10.120","42.563","95.735","-59.875"
"0001","10.130","41.750","94.682","-59.938"
"0001","10.140","41.188","94.201","-60.000"
"0001","10.150","40.688","93.857","-59.938"
"0001","10.160","40.125","93.596","-59.813"
"0001","10.170","39.375","92.783","-59.813"
"0001","10.180","38.813","91.913","-59.875"
"0001","10.190","38.313","90.844","-59.938"
"0001","10.200","37.500","89.412","-60.000"
"0001","10.210","37.000","88.832","-59.875"
"0001","10.220","36.438","88.581","-59.750"
"0001","10.230","35.938","88.378","-59.813"
"0001","10.240","35.125","87.920","-59.875"
"0001","10.250","34.625","87.243","-59.938"
"0001","10.260","34.125","86.183","-59.938"
"0001","10.270","33.563","84.958","-59.813"
"0001","10.280","32.750","83.053","-59.750"
"0001","10.290","32.250","81.852","-59.813"
"0001","10.300","31.750","80.762","-59.875"
"0001","10.310","30.938","79.295","-59.938"
"0001","10.320","30.438","78.358","-59.875"
"0001","10.330","29.875","77.455","-59.750"
"0001","10.340","29.375","76.357","-59.750"
"0001","10.350","28.563","74.339","-59.813"
"0001","10.360","28.063","72.900","-59.875"
"0001","10.370","27.500","71.584","-59.938"
"0001","10.380","27.000","70.366","-59.875"
"0001","10.390","26.188","68.782","-59.750"
"0001","10.400","25.688","67.537","-59.813"
"0001","10.410","25.125","66.167","-59.813"
"0001","10.420","24.375","63.463","-59.875"
"0001","10.430","23.813","61.415","-59.875"
"0001","10.440","23.313","59.354","-59.750"
"0001","10.450","22.750","57.392","-59.688"
"0001","10.460","22.000","54.652","-59.813"
"0001","10.470","21.438","53.111","-59.813"
"0001","10.480","20.938","51.624","-59.875"
"0001","10.490","20.375","50.167","-59.938"
"0001","10.500","19.625","47.952","-59.625"
"0001","10.510","19.063","46.177","-59.750"
"0001","10.520","18.563","44.277","-59.875"
"0001","10.530","17.750","41.322","-59.750"
"0001","10.540","17.250","39.238","-59.875"
"0001","10.550","16.688","37.250","-59.875"
"0001","10.560","16.188","35.365","-59.813"
"0001","10.570","15.375","32.955","-59.750"
"0001","10.580","14.875","31.669","-59.750"
"0001","10.590","14.313","30.545","-59.625"
"0001","10.600","13.813","28.628","-59.250"
"0001","10.610","13.063","24.852","-56.813"
"0001","10.620","12.563","22.057","-53.375"
"0001","10.630","12.125","19.433","-48.563"
"0001","10.640","11.500","17.250","-39.375"
"0001","10.650","11.188","16.807","-32.875"
"0001","10.660","10.938","16.628","-26.563"
"0001","10.670","10.750","16.106","-20.313"
"0001","10.680","10.563","14.284","-9.875"
"0001","10.690","10.500","12.766","-1.750"
"0001","10.700","10.500","11.220","7.188"
"0001","10.710","10.625","9.753","16.500"
"0001","10.720","10.938","6.634","27.625"
"0001","10.730","11.188","3.834","33.500"
"0001","10.740","11.500","0.093","38.250"
"0001","10.750","12.063","7.046","43.813"
"0001","10.760","12.438","11.586","46.750"
"0001","10.770","12.875","15.326","49.125"
"0001","10.780","13.313","18.038","51.125"
"0001","10.790","14.000","20.935","53.313"
"0001","10.800","14.500","22.806","54.438"
"0001","10.810","15.000","24.992","55.438"
"0001","10.820","15.500","27.494","56.313"
"0001","10.830","16.250","31.553","57.313"
"0001","10.840","16.750","34.082","57.875"
"0001","10.850","17.250","36.232","58.188"
"0001","10.860","18.000","38.531","58.563"
"0001","10.870","18.563","39.575","58.813"
"0001","10.880","19.063","40.544","59.000"
"0001","10.890","19.563","41.717","59.250"
"0001","10.900","20.375","44.084","59.500"
"0001","10.910","20.875","45.978","59.500"
"0001","10.920","21.438","47.818","59.625"
"0001","10.930","21.938","49.381","59.688"
"0001","10.940","22.750","50.843","59.750"
"0001","10.950","23.250","51.268","59.875"
"0001","10.960","23.750","51.627","59.875"
"0001","10.970","24.563","52.607","59.813"
"0001","10.980","25.125","53.655","59.813"
"0001","10.990","25.625","54.918","59.875"
"0001","11.000","26.125","56.272","59.938"
"0001","11.010","26.938","57.803","60.000"
"0001","11.020","27.438","58.422","60.000"
"0001","11.030","28.000","58.854","59.875"
"0001","11.040","28.500","59.253","59.875"
"0001","11.050","29.313","60.305","59.938"
"0001","11.060","29.875","61.507","60.000"
"0001","11.070","30.375","63.144","60.063"
"0001","11.080","31.188","66.335","60.000"
"0001","11.090","31.688","68.515","60.000"
"0001","11.100","32.250","70.465","60.000"
"0001","11.110","32.750","71.954","60.000"
"0001","11.120","33.563","73.634","60.063"
"0001","11.130","34.063","74.948","60.063"
"0001","11.140","34.625","76.750","60.000"
"0001","11.150","35.125","78.874","59.938"
"0001","11.160","35.938","81.844","59.938"
"0001","11.170","36.438","83.076","59.938"
"0001","11.180","37.000","83.610","60.063"
"0001","11.190","37.750","84.018","60.000"
"0001","11.200","38.313","84.444","59.938"
"0001","11.210","38.813","84.989","59.938"
"0001","11.220","39.375","85.575","59.875"
"0001","11.230","40.125","86.062","59.938"
"0001","11.240","40.688","86.138","59.938"
"0001","11.250","41.188","86.129","59.938"
"0001","11.260","41.750","86.097","59.875"
"0001","11.270","42.563","85.650","59.875"
"0001","11.280","43.063","85.176","59.875"
"0001","11.290","43.563","84.772","59.938"
"0001","11.300","44.375","84.916","60.000"
"0001","11.310","44.875","85.568","59.875"
"0001","11.320","45.438","86.287","59.875"
"0001","11.330","45.938","86.897","59.875"
"0001","11.340","46.750","87.545","59.938"
"0001","11.350","47.313","87.821","60.063"
"0001","11.360","47.813","88.056","60.063"
"0001","11.370","48.375","88.380","59.938"
"0001","11.380","49.125","89.263","59.938"
"0001","11.390","49.688","90.309","59.938"
"0001","11.400","50.188","91.580","59.938"
"0001","11.410","51.000","93.389","60.000"
"0001","11.420","51.500","94.171","59.938"
"0001","11.430","52.063","94.573","59.875"
"0001","11.440","52.563","94.506","59.875"
"0001","11.450","53.375","94.128","59.875"
"0001","11.460","53.875","94.042","59.938"
"0001","11.470","54.438","94.316","60.000"
"0001","11.480","54.938","94.859","59.938"
"0001","11.490","55.750","95.678","59.875"
"0001","11.500","56.250","96.045","59.875"
"0001","11.510","56.813","96.168","59.875"
"0001","11.520","57.563","95.894","60.000"
"0001","11.530","58.125","95.550","60.063"
"0001","11.540","58.625","95.385","59.938"
"0001","11.550","59.188","95.603","59.875"
"0001","11.560","59.938","96.547","59.875"
"0001","11.570","60.500","97.440","59.938"
"0001","11.580","61.000","98.221","60.000"
"0001","11.590","61.563","98.870","60.000"
"0001","11.600","62.313","99.439","59.875"
"0001","11.610","62.875","99.509","59.938"
"0001","11.620","63.375","99.375","59.938"
"0001","11.630","64.188","99.460","59.938"
"0001","11.640","64.688","99.776","60.000"
"0001","11.650","65.250","100.366","59.938"
"0001","11.660","65.750","100.998","59.875"
"0001","11.670","66.563","101.761","59.938"
"0001","11.680","67.063","101.790","59.875"
"0001","11.690","67.625","101.286","60.000"
"0001","11.700","68.125","100.399","60.000"
"0001","11.710","68.938","99.285","59.875"
"0001","11.720","69.438","98.892","59.813"
"0001","11.730","70.000","98.840","59.875"
"0001","11.740","70.750","98.825","59.875"
"0001","11.750","71.313","98.663","60.000"
"0001","11.760","71.813","98.340","59.938"
"0001","11.770","72.375","97.821","59.875"
"0001","11.780","73.125","96.667","59.875"
"0001","11.790","73.688","95.971","59.875"
"0001","11.800","74.188","95.539","59.875"
"0001","11.810","74.750","95.359","60.000"
"0001","11.820","75.500","95.531","59.938"
"0001","11.830","76.063","95.824","59.875"
"0001","11.840","76.563","96.022","59.875"
"0001","11.850","77.375","96.000","59.938"
"0001","11.860","77.875","95.684","60.000"
"0001","11.870","78.438","95.328","60.000"
"0001","11.880","78.938","95.192","59.938"
"0001","11.890","79.750","95.487","59.875"
"0001","11.900","80.250","95.756","59.875"
"0001","11.910","80.813","95.806","59.875"
"0001","11.920","81.313","95.537","59.938"
"0001","11.930","82.125","94.893","59.938"
"0001","11.940","82.688","94.384","59.875"
"0001","11.950","83.188","93.803","59.875"
"0001","11.960","84.000","93.049","59.875"
"0001","11.970","84.500","92.580","59.875"
"0001","11.980","85.000","92.111","59.938"
"0001","11.990","85.563","91.693","59.938"
"0005","12.000","86.313","0.000","59.813"
"0005","12.010","86.875","0.000","59.625"
"0005","12.020","87.375","0.000","57.250"
"0005","12.030","87.875","0.000","51.375"
"0005","12.040","88.438","0.000","39.000"
"0005","12.050","88.750","0.000","32.063"
"0005","12.060","89.000","0.000","26.375"
"0005","12.070","89.313","0.000","19.500"
"0005","12.080","89.500","0.000","16.188"
"0005","12.090","89.625","0.000","13.750"
"0005","12.100","89.750","0.000","11.625"
"0005","12.110","89.875","0.000","8.938"
"0005","12.120","89.938","0.000","7.375"
"0005","12.130","90.000","0.000","6.063"
"0005","12.140","90.000","0.000","4.938"
"0005","12.150","90.063","0.000","3.563"
"0005","12.160","90.125","0.000","2.938"
"0005","12.170","90.125","0.000","2.375"
"0005","12.180","90.188","0.000","1.750"
"0005","12.190","90.188","0.000","1.438"
"0005","12.200","90.188","0.000","1.188"
"0005","12.210","90.188","0.000","0.938"
"0005","12.220","90.188","0.000","0.688"
"0005","12.230","90.188","0.000","0.438"
"0005","12.240","90.188","0.000","0.250"
"0005","12.250","90.188","0.000","0.125"
"0005","12.260","90.188","0.000","0.000"
"0005","12.270","90.188","0.000","-0.063"
"0005","12.280","90.188","0.000","-0.125"
"0001","12.290","90.188","0.000","-1.688"
"0001","12.300","90.188","0.000","-3.625"
"0001","12.310","90.125","8.147","-6.875"
"0001","12.320","90.063","13.577","-13.000"
"0001","12.330","89.813","19.742","-24.875"
"0001","12.340","89.563","24.002","-31.063"
"0001","12.350","89.250","28.133","-36.250"
"0001","12.360","88.938","32.601","-40.625"
"0001","12.370","88.313","39.362","-45.750"
"0001","12.380","87.938","44.060","-48.250"
"0001","12.390","87.500","48.719","-50.313"
"0001","12.400","86.813","55.485","-52.875"
"0001","12.410","86.313","59.970","-54.188"
"0001","12.420","85.875","64.382","-55.313"
"0001","12.430","85.375","68.934","-56.250"
"0001","12.440","84.625","76.199","-57.125"
"0001","12.450","84.125","81.177","-57.688"
"0001","12.460","83.563","85.958","-58.188"
"0001","12.470","83.063","90.397","-58.563"
"0001","12.480","82.313","96.204","-59.000"
"0001","12.490","81.813","99.768","-59.188"
"0001","12.500","81.250","103.405","-59.250"
"0001","12.510","80.500","109.053","-59.438"
"0001","12.520","79.938","112.599","-59.625"
"0001","12.530","79.438","115.602","-59.750"
"0001","12.540","78.938","117.954","-59.875"
"0001","12.550","78.125","120.758","-59.813"
"0001","12.560","77.563","122.554","-59.750"
"0001","12.570","77.063","124.434","-59.813"
"0001","12.580","76.563","126.471","-59.875"
"0001","12.590","75.750","129.227","-59.938"
"0001","12.600","75.188","130.595","-59.938"
"0001","12.610","74.688","131.576","-59.875"
"0001","12.620","73.875","132.401","-59.813"
"0001","12.630","73.375","132.484","-59.875"
"0001","12.640","72.813","132.415","-59.938"
"0001","12.650","72.313","132.317","-59.938"
"0001","12.660","71.500","132.287","-59.938"
"0001","12.670","71.000","132.502","-59.813"
"0001","12.680","70.438","132.743","-59.813"
"0001","12.690","69.938","132.620","-59.875"
"0001","12.700","69.125","131.620","-59.875"
"0001","12.710","68.625","130.465","-59.938"
"0001","12.720","68.125","129.151","-59.938"
"0001","12.730","67.313","127.520","-59.750"
"0001","12.740","66.750","126.881","-59.813"
"0001","12.750","66.250","126.596","-59.875"
"0001","12.760","65.750","126.489","-59.938"
"0001","12.770","64.938","126.398","-59.938"
"0001","12.780","64.375","126.248","-59.875"
"0001","12.790","63.875","125.825","-59.813"
"0001","12.800","63.375","124.997","-59.875"
"0001","12.810","62.563","123.577","-59.875"
"0001","12.820","62.000","122.906","-59.938"
"0001","12.830","61.500","122.523","-60.000"
"0001","12.840","60.688","122.510","-59.813"
"0001","12.850","60.188","122.348","-59.813"
"0001","12.860","59.625","121.762","-59.875"
"0001","12.870","59.125","120.770","-59.875"
"0001","12.880","58.313","118.866","-59.938"
"0001","12.890","57.813","117.556","-59.938"
"0001","12.900","57.250","116.561","-59.813"
"0001","12.910","56.750","116.012","-59.750"
"0001","12.920","55.938","115.557","-59.875"
"0001","12.930","55.438","115.117","-59.875"
"0001","12.940","54.938","114.474","-59.938"
"0001","12.950","54.125","113.205","-59.875"
"0001","12.960","53.563","112.268","-59.750"
"0001","12.970","53.063","111.262","-59.875"
"0001","12.980","52.563","110.523","-59.875"
"0001","12.990","51.750","110.097","-59.938"
"0001","13.000","51.188","110.095","-60.000"
"0001","13.010","50.688","110.159","-59.875"
"0001","13.020","50.125","110.109","-59.813"
"0001","13.030","49.375","109.360","-59.875"
"0001","13.040","48.813","108.410","-59.875"
"0001","13.050","48.313","107.168","-59.938"
"0001","13.060","47.500","105.312","-59.938"
"0001","13.070","47.000","104.583","-59.750"
"0001","13.080","46.438","104.118","-59.750"
"0001","13.090","45.938","103.408","-59.813"
"0001","13.100","45.125","101.564","-59.813"
"0001","13.110","44.625","99.819","-59.875"
"0001","13.120","44.063","97.935","-59.813"
"0001","13.130","43.563","96.120","-59.750"
"0001","13.140","42.750","93.727","-59.813"
"0001","13.150","42.250","92.401","-59.813"
"0001","13.160","41.750","91.141","-59.875"
"0001","13.170","40.938","89.120","-59.875"
"0001","13.180","40.375","87.650","-59.813"
"0001","13.190","39.875","85.981","-59.688"
"0001","13.200","39.375","84.086","-59.750"
"0001","13.210","38.563","81.068","-59.813"
"0001","13.220","38.063","79.191","-59.938"
"0001","13.230","37.500","77.734","-59.938"
"0001","13.240","37.000","76.795","-59.875"
"0001","13.250","36.188","75.894","-59.750"
"0001","13.260","35.688","75.086","-59.813"
"0001","13.270","35.125","74.091","-59.813"
"0001","13.280","34.313","72.015","-59.938"
"0001","13.290","33.813","70.483","-59.875"
"0001","13.300","33.250","68.988","-59.750"
"0001","13.310","32.750","67.655","-59.750"
"0001","13.320","31.938","66.193","-59.875"
"0001","13.330","31.438","65.550","-59.938"
"0001","13.340","30.938","65.107","-60.000"
"0001","13.350","30.375","64.722","-59.938"
"0001","13.360","29.563","64.122","-59.813"
"0001","13.370","29.063","63.493","-59.875"
"0001","13.380","28.563","62.728","-59.875"
"0001","13.390","27.750","61.692","-59.938"
"0001","13.400","27.250","61.259","-60.000"
"0001","13.410","26.688","61.105","-59.875"
"0001","13.420","26.188","61.049","-59.813"
"0001","13.430","25.375","60.627","-59.875"
"0001","13.440","24.875","60.118","-59.875"
"0001","13.450","24.313","59.283","-59.938"
"0001","13.460","23.813","58.277","-59.938"
"0001","13.470","23.000","56.563","-59.750"
"0001","13.480","22.500","55.441","-59.813"
"0001","13.490","21.938","54.304","-59.813"
"0001","13.500","21.188","52.816","-59.938"
"0001","13.510","20.625","51.898","-59.938"
"0001","13.520","20.125","51.081","-59.875"
"0001","13.530","19.563","50.203","-59.750"
"0001","13.540","18.750","48.621","-59.875"
"0001","13.550","18.250","47.505","-59.813"
"0001","13.560","17.750","46.230","-59.813"
"0001","13.570","17.188","44.872","-59.875"
"0001","13.580","16.438","42.662","-59.813"
"0001","13.590","15.875","41.007","-59.813"
"0001","13.600","15.375","39.275","-59.813"
"0001","13.610","14.563","36.591","-59.813"
"0001","13.620","14.063","34.809","-59.875"
"0001","13.630","13.500","33.234","-59.875"
"0001","13.640","13.000","31.919","-59.688"
"0001","13.650","12.188","30.273","-59.125"
"0001","13.660","11.688","28.594","-58.438"
"0001","13.670","11.188","26.532","-57.125"
"0001","13.680","10.688","24.402","-54.813"
"0001","13.690","10.000","20.940","-49.438"
"0001","13.700","9.563","19.338","-44.563"
"0001","13.710","9.188","18.402","-39.063"
"0001","13.720","8.750","17.738","-30.313"
"0001","13.730","8.500","16.993","-24.500"
"0001","13.740","8.313","15.729","-18.313"
"0001","13.750","8.188","14.213","-11.250"
"0001","13.760","8.125","11.820","1.313"
"0001","13.770","8.188","10.516","10.938"
"0001","13.780","8.313","9.231","19.875"
"0001","13.790","8.563","7.422","26.875"
"0001","13.800","8.938","4.169","35.313"
"0001","13.810","9.313","1.252","39.813"
"0001","13.820","9.625","2.110","43.438"
"0001","13.830","10.250","7.089","47.750"
"0001","13.840","10.688","9.858","49.875"
"0001","13.850","11.125","11.890","51.625"
"0001","13.860","11.625","13.302","53.063"
"0001","13.870","12.313","15.136","54.875"
"0001","13.880","12.813","16.620","55.875"
"0001","13.890","13.313","18.553","56.688"
"0001","13.900","13.813","21.094","57.313"
"0001","13.910","14.563","25.815","57.938"
"0001","13.920","15.063","29.100","58.313"
"0001","13.930","15.563","31.983","58.625"
"0001","13.940","16.375","35.154","59.063"
"0001","13.950","16.875","36.720","59.250"
"0001","13.960","17.438","38.162","59.313"
"0001","13.970","17.938","39.463","59.375"
"0001","13.980","18.688","41.318","59.563"
"0001","13.990","19.250","42.656","59.625"
"0001","14.000","19.750","43.986","59.750"
"0001","14.010","20.313","45.261","59.813"
"0001","14.020","21.063","46.681","59.750"
"0001","14.030","21.625","47.133","59.750"
"0001","14.040","22.125","47.217","59.813"
"0001","14.050","22.938","46.776","59.875"
"0001","14.060","23.438","46.372","59.938"
"0001","14.070","24.000","46.183","59.875"
"0001","14.080","24.500","46.277","59.813"
"0001","14.090","25.313","46.701","59.813"
"0001","14.100","25.813","46.978","59.875"
"0001","14.110","26.375","47.157","59.938"
"0001","14.120","26.875","47.169","60.000"
"0001","14.130","27.688","47.137","59.938"
"0001","14.140","28.188","46.997","59.875"
"0001","14.150","28.750","47.006","59.875"
"0001","14.160","29.500","47.485","59.938"
"0001","14.170","30.063","48.105","60.000"
"0001","14.180","30.563","48.914","60.000"
"0001","14.190","31.125","49.829","59.938"
"0001","14.200","31.875","50.948","59.938"
"0001","14.210","32.438","51.375","59.938"
"0001","14.220","32.938","51.565","59.938"
"0001","14.230","33.500","51.593","60.000"
"0001","14.240","34.250","51.850","59.938"
"0001","14.250","34.813","52.218","59.875"
"0001","14.260","35.313","52.640","59.875"
"0001","14.270","36.125","53.303","59.875"
"0001","14.280","36.625","53.550","59.938"
"0001","14.290","37.188","53.569","60.000"
"0001","14.300","37.688","53.505","59.938"
"0001","14.310","38.500","53.172","59.875"
"0001","14.320","39.000","53.001","59.875"
"0001","14.330","39.563","53.050","59.875"
"0001","14.340","40.063","53.330","59.938"
"0001","14.350","40.875","54.107","60.000"
"0001","14.360","41.438","54.656","59.938"
"0001","14.370","41.938","55.008","59.875"
"0001","14.380","42.750","55.144","59.938"
"0001","14.390","43.250","55.120","59.938"
"0001","14.400","43.750","55.254","60.000"
"0001","14.410","44.313","55.790","60.000"
"0001","14.420","45.125","57.057","59.938"
"0001","14.430","45.625","57.981","59.938"
"0001","14.440","46.125","58.771","59.938"
"0001","14.450","46.688","59.314","59.938"
"0001","14.460","47.500","59.763","60.063"
"0001","14.470","48.000","60.021","60.000"
"0001","14.480","48.563","60.323","59.938"
"0001","14.490","49.313","61.006","59.875"
"0001","14.500","49.875","61.603","59.875"
"0001","14.510","50.375","62.226","59.938"
"0001","14.520","50.938","62.849","60.000"
"0001","14.530","51.688","63.943","59.938"
"0001","14.540","52.250","64.570","59.938"
"0001","14.550","52.750","65.041","59.938"
"0001","14.560","53.313","65.425","59.938"
"0001","14.570","54.063","66.169","60.000"
"0001","14.580","54.625","66.959","60.000"
"0001","14.590","55.125","67.996","59.938"
"0001","14.600","55.938","69.689","59.938"
"0001","14.610","56.438","70.684","59.938"
"0001","14.620","57.000","71.436","59.938"
"0001","14.630","57.500","71.783","60.000"
"0001","14.640","58.313","72.051","60.000"
"0001","14.650","58.813","72.244","59.938"
"0001","14.660","59.375","72.710","59.875"
"0001","14.670","59.875","73.421","59.938"
"0001","14.680","60.688","74.861","60.000"
"0001","14.690","61.188","75.844","60.063"
"0001","14.700","61.750","76.807","60.000"
"0001","14.710","62.500","77.758","59.938"
"0001","14.720","63.063","78.142","59.938"
"0001","14.730","63.563","78.501","59.938"
"0001","14.740","64.125","79.022","60.000"
"0001","14.750","64.938","80.071","60.000"
"0001","14.760","65.438","80.793","59.875"
"0001","14.770","66.000","81.317","59.875"
"0001","14.780","66.500","81.614","59.938"
"0001","14.790","67.313","81.617","59.938"
"0001","14.800","67.813","81.311","60.000"
"0001","14.810","68.313","80.939","60.000"
"0001","14.820","69.125","80.745","59.875"
"0001","14.830","69.688","80.804","59.875"
"0001","14.840","70.188","80.928","59.875"
"0001","14.850","70.688","81.007","59.875"
"0001","14.860","71.500","81.087","60.000"
"0001","14.870","72.063","81.173","59.938"
"0001","14.880","72.563","81.187","59.875"
"0001","14.890","73.125","81.140","59.875"
"0001","14.900","73.875","81.063","59.875"
"0001","14.910","74.438","80.905","59.938"
"0001","14.920","74.938","80.743","59.938"
"0001","14.930","75.750","80.517","59.875"
"0001","14.940","76.250","80.356","59.875"
"0001","14.950","76.813","80.156","59.875"
"0001","14.960","77.313","79.884","59.875"
"0001","14.970","78.125","79.124","60.000"
"0001","14.980","78.625","78.540","59.938"
"0001","14.990","79.188","78.230","59.875"
"0001","15.000","79.688","78.206","59.875"
"0001","15.010","80.500","78.457","59.875"
"0001","15.020","81.000","78.480","59.875"
"0001","15.030","81.563","78.284","59.938"
"0001","15.040","82.313","77.545","59.938"
"0001","15.050","82.875","76.969","59.875"
"0001","15.060","83.375","76.455","59.875"
"0001","15.070","83.875","76.120","59.875"
"0001","15.080","84.688","75.815","59.938"
"0001","15.090","85.250","75.576","59.938"
"0001","15.100","85.750","75.197","59.875"
"0005","15.110","86.313","0.000","59.875"
"0005","15.120","87.063","0.000","59.125"
"0005","15.130","87.563","0.000","55.438"
"0005","15.140","88.063","0.000","48.125"
"0005","15.150","88.563","0.000","36.125"
"0015","15.160","88.563","0.000","36.125"
"0000","15.170","0.000","0.000","0.000"
